date,open,high,low,close,volume,change_rate
2020-09-22,31350,32000,25250,29000,4178431,
2020-09-23,29000,29200,25400,27150,2421905,-6.379310344827586
2020-09-24,26000,26500,24750,24800,1247736,-8.655616942909761
2020-09-25,25300,26600,23450,23800,1034925,-4.032258064516129
2020-09-28,24100,24450,22500,22950,759295,-3.571428571428571
2020-09-29,23200,24500,22350,24450,823603,6.535947712418301
2020-10-05,24300,25100,23500,24700,415490,1.0224948875255624
2020-10-06,24700,26000,24300,25100,444317,1.6194331983805668
2020-10-07,25000,25450,24500,24550,247160,-2.1912350597609564
2020-10-08,24600,24650,23500,23900,411217,-2.6476578411405294
2020-10-12,23800,23800,22500,22500,594649,-5.857740585774058
2020-10-13,22600,22750,21500,21700,553641,-3.5555555555555554
2020-10-14,21650,24150,21450,23200,992124,6.912442396313365
2020-10-15,23000,23100,21550,21850,434736,-5.818965517241379
2020-10-16,21850,22250,20200,20700,507903,-5.263157894736842
2020-10-19,21200,22150,20600,21200,469964,2.4154589371980677
2020-10-20,21050,22200,20850,21950,339709,3.5377358490566038
2020-10-21,21950,22350,21750,22300,199785,1.5945330296127564
2020-10-22,21550,23500,21550,23300,482741,4.484304932735426
2020-10-23,23300,23400,22800,22900,156928,-1.7167381974248928
2020-10-26,22850,22900,21350,21600,275722,-5.676855895196507
2020-10-27,21450,22200,20950,21600,188285,0.0
2020-10-28,21850,21900,21150,21700,149552,0.4629629629629629
2020-10-29,21200,21450,20750,21050,233176,-2.995391705069124
2020-10-30,21100,21350,20300,20350,153841,-3.32541567695962
2020-11-02,20350,20600,19450,19950,358281,-1.9656019656019657
2020-11-03,19850,20400,19850,20250,262853,1.5037593984962405
2020-11-04,20350,21500,20200,21100,315771,4.197530864197531
2020-11-05,21300,22100,21000,21650,244804,2.6066350710900474
2020-11-06,21650,21700,21050,21150,131985,-2.3094688221709005
2020-11-09,21650,23500,21600,23050,692888,8.983451536643026
2020-11-10,23050,24750,22700,24250,807777,5.206073752711497
2020-11-11,24350,24700,23750,24150,245493,-0.4123711340206186
2020-11-12,24150,24650,23450,24000,227432,-0.6211180124223602
2020-11-13,23850,23850,22700,23000,279561,-4.166666666666666
2020-11-16,23000,23300,22350,22900,264240,-0.43478260869565216
2020-11-17,22850,24200,22550,23650,311119,3.2751091703056767
2020-11-18,23650,23850,22700,23100,239543,-2.3255813953488373
2020-11-19,23000,23200,22400,22650,294689,-1.948051948051948
2020-11-20,22600,22850,22400,22700,168008,0.22075055187637968
2020-11-23,22700,23250,22500,23200,202267,2.2026431718061676
2020-11-24,23300,23300,22400,22700,274160,-2.1551724137931036
2020-11-25,22650,23050,22300,22450,301555,-1.1013215859030838
2020-11-26,23300,24650,22900,23500,979965,4.67706013363029
2020-11-27,23600,23700,22800,23450,344799,-0.2127659574468085
2020-11-30,23350,23800,23050,23700,264746,1.0660980810234542
2020-12-01,23700,25100,23400,24850,773654,4.852320675105485
2020-12-02,24800,25050,24250,24500,396514,-1.4084507042253522
2020-12-03,24450,24600,23750,24550,290613,0.20408163265306123
2020-12-04,24800,24800,23750,24000,257007,-2.240325865580448
2020-12-07,23850,23950,23000,23100,348733,-3.75
2020-12-08,22950,23350,22950,23050,180092,-0.21645021645021645
2020-12-09,23300,23500,22950,23250,268227,0.8676789587852495
2020-12-10,22950,23200,22900,23050,222816,-0.8602150537634409
2020-12-11,23400,24250,23100,23900,445333,3.68763557483731
2020-12-14,23950,23950,23300,23300,171431,-2.510460251046025
2020-12-15,23400,23900,23400,23700,155427,1.7167381974248928
2020-12-16,23700,24250,23500,24050,236965,1.4767932489451476
2020-12-17,24100,24100,23450,23700,213093,-1.4553014553014554
2020-12-18,23700,26200,23650,26000,1084552,9.70464135021097
2020-12-21,25800,26600,25450,26500,443485,1.9230769230769231
2020-12-22,26300,26800,24750,25200,436154,-4.905660377358491
2020-12-23,25650,26450,24300,24550,539695,-2.579365079365079
2020-12-24,24750,25750,24600,24900,292093,1.4256619144602851
2020-12-28,25000,25900,24650,24750,353602,-0.6024096385542169
2020-12-29,25000,26300,25000,26300,519564,6.262626262626263
2020-12-30,26300,28250,25950,27700,866461,5.323193916349809
2021-01-04,27800,27850,26900,27800,504131,0.36101083032490977
2021-01-05,27500,27700,26800,27250,416770,-1.9784172661870503
2021-01-06,27400,27400,26400,26900,362091,-1.2844036697247707
2021-01-07,26900,28300,26550,27200,424885,1.1152416356877324
2021-01-08,27500,27900,26750,27850,410085,2.389705882352941
2021-01-11,28450,29150,27250,28150,568201,1.0771992818671454
2021-01-12,28350,28800,27650,28300,243871,0.5328596802841918
2021-01-13,28150,28400,27900,28200,189869,-0.35335689045936397
2021-01-14,28300,28350,27500,27550,217870,-2.304964539007092
2021-01-15,27450,28800,27300,28450,304314,3.2667876588021776
2021-01-18,28450,28550,27400,27700,263159,-2.6362038664323375
2021-01-19,27750,28300,27550,28250,254984,1.9855595667870036
2021-01-20,28300,28650,27650,27950,286582,-1.0619469026548671
2021-01-21,28250,28350,27200,27350,349033,-2.146690518783542
2021-01-22,27400,27700,26750,27000,286335,-1.2797074954296161
2021-01-25,26950,27400,26200,26450,276007,-2.037037037037037
2021-01-26,26750,26750,25550,26250,465398,-0.7561436672967864
2021-01-27,26450,26500,25650,25700,217156,-2.0952380952380953
2021-01-28,25200,25300,24250,24950,428239,-2.9182879377431905
2021-01-29,24950,24950,23200,23800,443164,-4.609218436873747
2021-02-01,23600,23800,23300,23500,216462,-1.2605042016806722
2021-02-02,23900,26150,23550,25850,516471,10.0
2021-02-03,25850,27700,25050,27600,1005263,6.769825918762089
2021-02-04,27900,28700,27200,28300,903910,2.536231884057971
2021-02-05,28250,28250,27150,27700,371590,-2.1201413427561837
2021-02-08,27850,28000,26600,26700,255227,-3.6101083032490973
2021-02-09,26800,27200,26700,27100,165890,1.4981273408239701
2021-02-10,26800,27200,26200,26450,142260,-2.3985239852398523
2021-02-15,26300,26500,25850,26000,204798,-1.7013232514177694
2021-02-16,26150,26450,25900,26300,171908,1.153846153846154
2021-02-17,26300,26600,25800,26350,109061,0.19011406844106463
2021-02-18,26100,26800,26000,26350,127882,0.0
2021-02-19,26250,26500,24850,25450,327920,-3.415559772296015
2021-02-22,25550,25800,25000,25550,156468,0.3929273084479371
2021-02-23,25550,25550,24950,24950,101464,-2.3483365949119372
2021-02-24,24750,24800,23550,23700,246590,-5.01002004008016
2021-02-25,24250,24800,24100,24600,89530,3.79746835443038
2021-02-26,23700,24500,23600,24500,119211,-0.40650406504065045
2021-03-02,24700,24750,23850,24000,75277,-2.0408163265306123
2021-03-03,23900,24750,23850,24300,92580,1.25
2021-03-04,24000,25450,23850,24450,162929,0.6172839506172839
2021-03-05,24150,24400,23850,24400,95398,-0.2044989775051125
2021-03-08,24550,24650,24050,24050,115677,-1.4344262295081966
2021-03-09,23950,24150,23300,23700,174067,-1.4553014553014554
2021-03-10,23800,24200,23350,23500,80033,-0.8438818565400843
2021-03-11,23450,24500,23450,24300,146726,3.404255319148936
2021-03-12,24500,24900,24400,24900,136459,2.4691358024691357
2021-03-15,24750,24950,24350,24700,81924,-0.8032128514056224
2021-03-16,24950,25000,24600,24800,83493,0.4048582995951417
2021-03-17,24700,24900,24100,24400,93267,-1.6129032258064515
2021-03-18,24700,24750,24150,24250,117955,-0.6147540983606558
2021-03-19,23850,24350,23750,23750,219829,-2.0618556701030926
2021-03-22,24000,24350,23850,24350,91936,2.526315789473684
2021-03-23,24350,24400,23800,24050,143596,-1.2320328542094456
2021-03-24,23900,24700,23850,24350,113617,1.2474012474012475
2021-03-25,24300,24450,24000,24400,109868,0.20533880903490762
2021-03-26,24850,24850,24400,24650,186111,1.0245901639344261
2021-03-29,24600,24700,24200,24600,177684,-0.2028397565922921
2021-03-30,24550,24750,24400,24700,129660,0.40650406504065045
2021-03-31,24700,26500,24650,26300,533535,6.477732793522267
2021-04-01,26400,26450,25600,25700,225177,-2.2813688212927756
2021-04-02,25600,25800,24950,25450,259297,-0.9727626459143969
2021-04-05,25250,25950,24950,25450,128182,0.0
2021-04-06,25600,26000,25000,25200,124706,-0.9823182711198428
2021-04-07,25200,25750,25150,25600,97027,1.5873015873015872
2021-04-08,26050,27150,25800,26550,589491,3.7109375
2021-04-09,26450,26550,25850,26000,224743,-2.0715630885122414
2021-04-12,26000,26850,26000,26600,206747,2.307692307692308
2021-04-13,26750,26900,26250,26650,171970,0.18796992481203006
2021-04-14,26750,28250,26600,27900,491040,4.690431519699812
2021-04-15,28000,28700,27500,27900,264590,0.0
2021-04-16,27850,27900,27050,27250,228315,-2.3297491039426523
2021-04-19,27300,27950,26900,27500,188969,0.9174311926605505
2021-04-20,27500,27600,27100,27300,96946,-0.7272727272727273
2021-04-21,27250,27250,26350,26800,204505,-1.8315018315018317
2021-04-22,26900,27350,26600,27250,116044,1.6791044776119404
2021-04-23,27400,27800,27000,27700,232415,1.651376146788991
2021-04-26,27900,27900,27000,27550,110895,-0.5415162454873645
2021-04-27,27400,28200,27350,27800,238985,0.9074410163339384
2021-04-28,27850,28050,26650,26650,176319,-4.136690647482014
2021-04-29,26800,27150,26000,26850,143044,0.7504690431519699
2021-04-30,26900,29200,26350,27050,1171195,0.74487895716946
2021-05-03,27350,27650,26700,27100,327547,0.18484288354898337
2021-05-04,27150,27450,26400,26900,191143,-0.7380073800738007
2021-05-06,26900,27150,26550,26800,124645,-0.37174721189591076
2021-05-07,26950,27350,26800,27150,165381,1.3059701492537312
2021-05-10,27150,27500,26950,27050,198251,-0.3683241252302026
2021-05-11,26900,26950,26400,26650,144721,-1.478743068391867
2021-05-12,26650,26700,25550,25850,291267,-3.0018761726078798
2021-05-13,25700,25750,25100,25350,123568,-1.9342359767891684
2021-05-14,25800,26050,25450,25950,73967,2.366863905325444
2021-05-17,26200,26500,25900,26400,82339,1.7341040462427744
2021-05-18,27100,27400,26650,26750,287875,1.3257575757575757
2021-05-20,26550,27100,26500,26800,160540,0.1869158878504673
2021-05-21,27100,27200,26450,26650,111784,-0.5597014925373134
2021-05-24,26750,26750,25850,26050,81011,-2.25140712945591
2021-05-25,26150,26800,25950,26550,106722,1.9193857965451053
2021-05-26,26750,26950,26500,26750,68692,0.7532956685499058
2021-05-27,26750,30200,26550,29000,1734706,8.411214953271028
2021-05-28,28850,29500,28500,28550,362581,-1.5517241379310345
2021-05-31,28550,28800,27900,28550,305824,0.0
2021-06-01,28450,29450,28350,28450,253901,-0.3502626970227671
2021-06-02,28800,28800,27650,27750,273833,-2.460456942003515
2021-06-03,27800,28400,27150,27250,295973,-1.8018018018018018
2021-06-04,27350,27500,27000,27200,144185,-0.1834862385321101
2021-06-07,27250,28400,27150,28100,240144,3.308823529411765
2021-06-08,28100,28700,27800,28200,204998,0.3558718861209964
2021-06-09,28100,28900,28000,28200,187462,0.0
2021-06-10,28450,28900,28250,28650,167152,1.5957446808510638
2021-06-11,29000,29000,28400,28600,153103,-0.17452006980802792
2021-06-14,28600,28850,27850,28350,96700,-0.8741258741258742
2021-06-15,28750,29650,28700,29000,233011,2.2927689594356258
2021-06-16,29150,29500,28750,29200,173250,0.6896551724137931
2021-06-17,29050,29650,28650,29350,187282,0.5136986301369862
2021-06-18,29350,30550,29250,30550,397694,4.088586030664395
2021-06-21,30050,30350,29600,30000,216312,-1.800327332242226
2021-06-22,30000,30550,29950,30100,133542,0.33333333333333337
2021-06-23,30400,31200,30250,30400,270969,0.9966777408637874
2021-06-24,30500,30550,29350,30000,177615,-1.3157894736842104
2021-06-25,30250,30450,29350,29650,199777,-1.1666666666666667
2021-06-28,29850,29850,29050,29400,112786,-0.8431703204047217
2021-06-29,29400,29550,29050,29100,90353,-1.0204081632653061
2021-06-30,29200,29700,29150,29200,131150,0.3436426116838488
2021-07-01,29650,29650,29000,29100,133904,-0.3424657534246575
2021-07-02,29300,29900,29100,29600,159028,1.718213058419244
2021-07-05,29900,29950,29500,29700,89197,0.33783783783783783
2021-07-06,30100,30500,29800,30200,125299,1.6835016835016834
2021-07-07,30200,30550,29750,30400,125492,0.6622516556291391
2021-07-08,30700,31450,29500,29750,319210,-2.138157894736842
2021-07-09,29250,29500,28700,29100,149032,-2.1848739495798317
2021-07-12,29200,30600,29100,29900,170295,2.7491408934707904
2021-07-13,30200,32450,30050,32350,601731,8.193979933110368
2021-07-14,32350,33350,32000,32800,472071,1.3910355486862442
2021-07-15,33000,33650,32000,32900,300339,0.3048780487804878
2021-07-16,32550,33450,32300,33150,290203,0.7598784194528876
2021-07-19,33850,33850,32250,33450,360995,0.904977375565611
2021-07-20,32900,33500,32300,33450,238954,0.0
2021-07-21,33600,34250,32700,33200,198329,-0.7473841554559043
2021-07-22,33100,33350,32400,32600,107690,-1.8072289156626504
2021-07-23,32500,32700,32100,32400,102246,-0.6134969325153374
2021-07-26,32500,33850,32500,33300,274495,2.7777777777777777
2021-07-27,33550,33600,32800,33050,99123,-0.7507507507507507
2021-07-28,32950,33100,31900,32550,181588,-1.5128593040847202
2021-07-29,33150,33150,32100,32400,117482,-0.4608294930875576
2021-07-30,32400,32650,31700,31900,93485,-1.5432098765432098
2021-08-02,32150,32150,31400,31650,68091,-0.7836990595611284
2021-08-03,31500,31550,30400,30650,245189,-3.15955766192733
2021-08-04,30750,31300,30250,31200,155400,1.794453507340946
2021-08-05,31300,31300,30450,30800,109674,-1.282051282051282
2021-08-06,30850,31350,30700,31200,83713,1.2987012987012987
2021-08-09,31250,31250,30600,30650,113498,-1.7628205128205128
2021-08-10,30700,31250,30450,30700,125785,0.1631321370309951
2021-08-11,30900,30900,29950,30000,141636,-2.2801302931596092
2021-08-12,30200,30650,29800,30050,116344,0.16666666666666669
2021-08-13,30150,30450,29200,30300,173192,0.8319467554076538
2021-08-17,30750,30900,29950,30700,131499,1.3201320132013201
2021-08-18,30800,30850,30150,30700,90709,0.0
2021-08-19,30800,30800,29400,29400,153863,-4.234527687296417
2021-08-20,29450,29700,28000,28200,250716,-4.081632653061225
2021-08-23,28500,29050,27950,28950,99133,2.6595744680851063
2021-08-24,29200,29850,29100,29700,72083,2.5906735751295336
2021-08-25,30100,30200,29450,30000,94767,1.0101010101010102
2021-08-26,30300,30650,29850,30300,98465,1.0
2021-08-27,30250,30700,30000,30350,117887,0.16501650165016502
2021-08-30,30600,30950,30000,30800,89121,1.4827018121911038
2021-08-31,30550,30900,30300,30750,68742,-0.16233766233766234
2021-09-01,30900,30900,29850,30050,76131,-2.2764227642276422
2021-09-02,29900,30200,29400,29900,71402,-0.49916805324459235
2021-09-03,29950,30050,29250,29500,96639,-1.3377926421404682
2021-09-06,29450,29650,28950,29550,115327,0.1694915254237288
2021-09-07,29550,29700,28950,29450,68488,-0.338409475465313
2021-09-08,29450,29650,29000,29600,59817,0.5093378607809848
2021-09-09,29400,29700,28550,29700,184585,0.33783783783783783
2021-09-10,29550,29550,28900,29050,59409,-2.1885521885521886
2021-09-13,29250,29250,28050,28400,107781,-2.2375215146299485
2021-09-14,28550,28700,28000,28250,91670,-0.528169014084507
2021-09-15,28000,28400,27650,28250,158571,0.0
2021-09-16,28350,28500,27950,28150,72642,-0.35398230088495575
2021-09-17,28250,28300,27700,28050,103828,-0.3552397868561279
2021-09-23,28150,28500,27850,28150,105517,0.35650623885918004
2021-09-24,28500,29200,28300,28600,117548,1.5985790408525755
2021-09-27,28700,28800,28300,28600,85236,0.0
2021-09-28,28600,28600,27850,28100,65579,-1.7482517482517483
2021-09-29,27350,28250,27250,28150,139790,0.1779359430604982
2021-09-30,28100,28850,27900,28650,73869,1.7761989342806392
2021-10-01,28400,28450,27750,27800,57425,-2.966841186736475
2021-10-05,27500,27800,26500,27500,104249,-1.079136690647482
2021-10-06,27500,27850,26700,27400,74569,-0.36363636363636365
2021-10-07,27600,28200,27400,28150,72022,2.737226277372263
2021-10-08,28250,28400,27950,28200,58060,0.17761989342806395
2021-10-12,28050,28200,27350,27700,55796,-1.773049645390071
2021-10-13,27800,28000,27500,27750,34871,0.18050541516245489
2021-10-14,27800,28350,27500,28000,73948,0.9009009009009009
2021-10-15,28050,28150,27650,27950,69905,-0.17857142857142858
2021-10-18,27950,28000,27550,27650,59915,-1.073345259391771
2021-10-19,27850,28350,27550,28250,61243,2.1699819168173597
2021-10-20,28250,28900,27900,27950,68336,-1.0619469026548671
2021-10-21,27900,28050,27400,27700,58371,-0.8944543828264758
2021-10-22,27700,27750,27000,27700,106547,0.0
2021-10-25,27700,28100,27350,27350,92042,-1.263537906137184
2021-10-26,27500,28050,27350,27700,61902,1.2797074954296161
2021-10-27,27700,27900,27350,27500,41335,-0.7220216606498195
2021-10-28,27350,27600,27250,27500,52802,0.0
2021-10-29,27550,27550,26800,27150,73769,-1.2727272727272727
2021-11-01,27100,27100,26500,26600,94739,-2.0257826887661143
2021-11-02,26600,27350,26550,27100,69426,1.8796992481203008
2021-11-03,27200,27250,26300,26750,75697,-1.2915129151291513
2021-11-04,26700,26850,26150,26350,69489,-1.4953271028037385
2021-11-05,26200,26350,25750,26050,83667,-1.1385199240986716
2021-11-08,26000,26300,25550,26300,46363,0.9596928982725527
2021-11-09,26050,26300,25550,25700,72005,-2.2813688212927756
2021-11-10,25650,25650,24850,25000,101974,-2.7237354085603114
2021-11-11,24650,25100,24500,25000,70539,0.0
2021-11-12,24800,25600,24800,25350,48784,1.4000000000000001
2021-11-15,25550,25750,24900,25550,92236,0.7889546351084813
2021-11-16,25700,25900,25150,25450,73259,-0.3913894324853229
2021-11-17,25200,25400,24700,24850,85746,-2.357563850687623
2021-11-18,24650,25500,24500,25350,75245,2.0120724346076457
2021-11-19,25550,25850,25350,25650,83721,1.183431952662722
2021-11-22,25650,25650,24900,25550,58335,-0.3898635477582846
2021-11-23,25400,25500,24750,24900,79600,-2.5440313111545985
2021-11-24,24900,25000,24500,24900,70904,0.0
2021-11-25,24950,25300,24600,25000,73035,0.4016064257028112
2021-11-26,25050,25100,24650,25000,39040,0.0
2021-11-29,24450,24750,24000,24200,81401,-3.2
2021-11-30,24200,24300,22800,23100,106814,-4.545454545454546
2021-12-01,23100,23900,22750,23850,99787,3.2467532467532463
2021-12-02,23450,25550,23450,25200,93314,5.660377358490567
2021-12-03,25400,26100,25200,25800,92687,2.380952380952381
2021-12-06,25750,26700,25500,26550,94632,2.9069767441860463
2021-12-07,26550,26950,26300,26800,66475,0.9416195856873822
2021-12-08,26900,26900,26250,26550,43987,-0.9328358208955223
2021-12-09,26550,26800,26250,26650,81068,0.3766478342749529
2021-12-10,26650,26950,26450,26700,85620,0.18761726078799248
2021-12-13,26700,26950,26350,26500,57416,-0.7490636704119851
2021-12-14,26400,26700,25900,26700,57802,0.7547169811320755
2021-12-15,26700,26700,26350,26500,25726,-0.7490636704119851
2021-12-16,26500,26600,26050,26500,46842,0.0
2021-12-17,26500,26600,26200,26500,26183,0.0
2021-12-20,26450,26600,26200,26400,55913,-0.37735849056603776
2021-12-21,26500,26500,26050,26050,60325,-1.3257575757575757
2021-12-22,26300,26300,25900,26100,21332,0.19193857965451055
2021-12-23,26300,26300,25750,26000,41460,-0.38314176245210724
2021-12-24,26300,26300,25700,26000,45941,0.0
2021-12-27,26200,26200,25550,25900,93960,-0.38461538461538464
2021-12-28,25950,27050,25950,27050,131698,4.440154440154441
2021-12-29,27000,28150,26900,27650,126481,2.2181146025878005
2021-12-30,27400,28550,27400,28200,107864,1.9891500904159132
2022-01-03,28200,28550,27650,28200,101739,0.0
2022-01-04,28200,28850,28100,28800,146832,2.127659574468085
2022-01-05,28800,29150,28200,28500,131322,-1.0416666666666665
2022-01-06,27950,28450,27400,27700,117609,-2.807017543859649
2022-01-07,27700,28200,27700,27750,46349,0.18050541516245489
2022-01-10,27800,27900,27500,27550,35654,-0.7207207207207207
2022-01-11,27750,27750,27050,27500,77483,-0.18148820326678766
2022-01-12,27650,27750,27150,27500,51921,0.0
2022-01-13,27500,27750,27100,27300,45246,-0.7272727272727273
2022-01-14,27250,27500,27000,27300,47558,0.0
2022-01-17,27250,27250,26450,27000,47768,-1.098901098901099
2022-01-18,26350,26700,26000,26200,132121,-2.9629629629629632
2022-01-19,25700,26000,25000,25750,106673,-1.717557251908397
2022-01-20,25550,25850,25300,25850,59798,0.3883495145631068
2022-01-21,25600,25650,25200,25650,59068,-0.7736943907156674
2022-01-24,25500,25550,24850,25000,51980,-2.53411306042885
2022-01-25,25100,25250,23950,23950,100328,-4.2
2022-01-26,23950,24350,23400,23450,95768,-2.0876826722338206
2022-01-27,23300,23700,22350,22500,92677,-4.051172707889126
2022-01-28,22850,23150,21950,23150,60918,2.888888888888889
2022-02-03,23300,24500,23250,24300,62677,4.967602591792657
2022-02-04,24450,25400,24100,25300,52322,4.11522633744856
2022-02-07,25350,25450,25050,25300,25686,0.0
2022-02-08,25300,25350,24900,25350,25776,0.1976284584980237
2022-02-09,25300,25800,25250,25750,49214,1.5779092702169626
2022-02-10,25750,26300,25500,25750,58414,0.0
2022-02-11,25400,25750,25300,25700,38267,-0.1941747572815534
2022-02-14,25600,25600,24450,24750,39645,-3.6964980544747084
2022-02-15,24550,24750,24000,24550,36649,-0.8080808080808081
2022-02-16,24600,24900,24400,24900,33003,1.4256619144602851
2022-02-17,24650,25050,24500,24900,35679,0.0
2022-02-18,24650,24900,24600,24900,25550,0.0
2022-02-21,24700,25700,24500,25650,57689,3.0120481927710845
2022-02-22,25100,26000,25100,25900,70165,0.9746588693957114
2022-02-23,25850,26050,25650,26000,39645,0.3861003861003861
2022-02-24,25950,26700,25700,26200,72028,0.7692307692307693
2022-02-25,26200,26500,26100,26450,47021,0.9541984732824428
2022-02-28,26700,27250,26400,27250,71814,3.0245746691871456
2022-03-02,27150,27400,27100,27300,45595,0.1834862385321101
2022-03-03,27300,27700,27250,27650,45060,1.282051282051282
2022-03-04,27600,27800,27200,27450,36104,-0.7233273056057866
2022-03-07,27000,27350,27000,27250,40450,-0.7285974499089253
2022-03-08,26750,27750,26700,27600,61524,1.2844036697247707
2022-03-10,27950,28150,27600,27800,45437,0.7246376811594203
2022-03-11,27800,28000,27500,27800,63775,0.0
2022-03-14,27750,27800,27500,27700,41358,-0.3597122302158274
2022-03-15,27500,27700,27450,27650,36544,-0.18050541516245489
2022-03-16,27800,28200,27700,27900,51208,0.9041591320072333
2022-03-17,28200,28200,27700,28000,37958,0.35842293906810035
2022-03-18,28150,29000,28100,28750,301349,2.6785714285714284
2022-03-21,29000,29000,28000,28100,55610,-2.2608695652173916
2022-03-22,27900,27900,27500,27700,44493,-1.4234875444839856
2022-03-23,27700,28250,27650,27850,25861,0.5415162454873645
2022-03-24,27700,28200,27700,28050,22176,0.718132854578097
2022-03-25,28100,28300,27950,28150,23671,0.35650623885918004
2022-03-28,28150,28250,27400,27550,48669,-2.1314387211367674
2022-03-29,27700,27850,27250,27600,31973,0.18148820326678766
2022-03-30,27850,27850,27100,27300,37514,-1.0869565217391304
2022-03-31,27300,27300,26600,26700,55307,-2.197802197802198
2022-04-01,26550,26800,26300,26450,26779,-0.9363295880149813
2022-04-04,26500,26550,26050,26450,41187,0.0
2022-04-05,26250,27100,26250,27050,38851,2.2684310018903595
2022-04-06,26800,27100,26800,26900,15029,-0.5545286506469501
2022-04-07,26900,27000,26550,26650,19748,-0.929368029739777
2022-04-08,26700,26850,26250,26650,21285,0.0
2022-04-11,26650,26800,26400,26650,14903,0.0
2022-04-12,26600,26600,26150,26550,19827,-0.37523452157598497
2022-04-13,26450,26500,26000,26450,39101,-0.3766478342749529
2022-04-14,26150,26450,26100,26250,35562,-0.7561436672967864
2022-04-15,26200,26750,26150,26600,39004,1.3333333333333335
2022-04-18,26750,26750,26400,26600,17948,0.0
2022-04-19,26450,26600,26200,26600,30938,0.0
2022-04-20,26400,26650,26000,26300,54215,-1.1278195488721803
2022-04-21,26100,26200,25550,25700,79190,-2.2813688212927756
2022-04-22,25700,25700,25300,25550,34532,-0.5836575875486382
2022-04-25,25300,25550,24800,25050,42985,-1.9569471624266144
2022-04-26,25050,25700,24850,25700,52600,2.5948103792415167
2022-04-27,25500,25500,25150,25350,28748,-1.3618677042801557
2022-04-28,25400,25400,24950,25350,22421,0.0
2022-04-29,25400,25550,25250,25400,15404,0.19723865877712032
2022-05-02,25150,25500,25000,25150,35628,-0.984251968503937
2022-05-03,25300,25300,25000,25100,18413,-0.19880715705765406
2022-05-04,25150,25200,24900,25200,23714,0.398406374501992
2022-05-06,25000,25050,24750,25000,27666,-0.7936507936507936
2022-05-09,24950,24950,24200,24450,31715,-2.1999999999999997
2022-05-10,24250,24350,23550,24050,46422,-1.6359918200409
2022-05-11,23950,24600,23850,24500,14860,1.8711018711018712
2022-05-12,24250,24300,23550,23950,26785,-2.2448979591836733
2022-05-13,23800,24100,23700,24000,24170,0.20876826722338201
2022-05-16,24000,24250,23900,23950,25774,-0.20833333333333334
2022-05-17,23700,24300,23700,24300,24380,1.4613778705636742
2022-05-18,24350,24350,23950,24250,14756,-0.205761316872428
2022-05-19,23850,24200,23300,24200,25365,-0.2061855670103093
2022-05-20,24100,24950,23950,24700,32722,2.066115702479339
2022-05-23,24650,24700,24300,24500,23338,-0.8097165991902834
2022-05-24,24550,24550,24200,24400,24783,-0.40816326530612246
2022-05-25,24550,24550,24200,24550,19942,0.6147540983606558
2022-05-26,24550,24700,24350,24600,23107,0.20366598778004072
2022-05-27,24700,24700,24400,24400,14993,-0.8130081300813009
2022-05-30,24400,24650,24400,24600,26298,0.819672131147541
2022-05-31,24400,25400,24300,25400,70907,3.2520325203252036
2022-06-02,25300,25400,24850,25300,23793,-0.39370078740157477
2022-06-03,25100,25700,25100,25450,18771,0.592885375494071
2022-06-07,25450,25450,25000,25150,19751,-1.1787819253438114
2022-06-08,25150,25200,24650,25000,20366,-0.5964214711729622
2022-06-09,25000,25000,24450,24550,46473,-1.7999999999999998
2022-06-10,24400,25050,24150,25050,32377,2.0366598778004072
2022-06-13,24600,24650,23150,23200,98966,-7.385229540918163
2022-06-14,23000,23300,22400,22850,62882,-1.5086206896551724
2022-06-15,22850,23050,22300,22600,33257,-1.0940919037199124
2022-06-16,23900,23900,22850,22900,25733,1.3274336283185841
2022-06-17,22800,22800,22000,22500,45784,-1.7467248908296942
2022-06-20,22550,22900,21200,21600,60469,-4.0
2022-06-21,21650,21800,21250,21700,68504,0.4629629629629629
2022-06-22,21750,21750,20050,20150,77381,-7.142857142857142
2022-06-23,20150,20300,18750,18900,145192,-6.20347394540943
2022-06-24,18800,19850,18800,19700,62968,4.232804232804233
2022-06-27,19750,20250,19600,19850,34180,0.7614213197969544
2022-06-28,19850,20100,19600,19850,15683,0.0
2022-06-29,19800,19800,19150,19450,20735,-2.0151133501259446
2022-06-30,19450,19950,18650,18800,93669,-3.3419023136246784
2022-07-01,18850,19350,18500,18750,42370,-0.26595744680851063
2022-07-04,18650,18700,17700,18050,65392,-3.733333333333334
2022-07-05,18050,18500,18000,18450,40382,2.21606648199446
2022-07-06,18450,18550,17950,18150,22380,-1.6260162601626018
2022-07-07,18150,18350,18000,18150,14692,0.0
2022-07-08,18200,18550,18200,18400,33376,1.3774104683195594
2022-07-11,18300,18500,18200,18350,12445,-0.2717391304347826
2022-07-12,18300,18300,17550,17800,47010,-2.997275204359673
2022-07-13,17700,17900,17450,17800,33199,0.0
2022-07-14,17800,17950,17650,17900,29662,0.5617977528089888
2022-07-15,17950,18000,17200,17650,94727,-1.3966480446927374
2022-07-18,17650,18100,17650,17800,76942,0.84985835694051
2022-07-19,17650,17800,17450,17800,37397,0.0
2022-07-20,18000,18100,17750,17850,33600,0.2808988764044944
2022-07-21,18100,18600,18000,18200,101228,1.9607843137254901
2022-07-22,18450,18700,18250,18400,86869,1.098901098901099
2022-07-25,18500,18550,18300,18400,35145,0.0
2022-07-26,18400,18550,18250,18450,31932,0.2717391304347826
2022-07-27,18450,18900,18350,18750,61634,1.6260162601626018
2022-07-28,19000,19150,18150,18350,133359,-2.1333333333333333
2022-07-29,18350,18500,18200,18450,43533,0.544959128065395
2022-08-01,18500,18700,18400,18550,50338,0.5420054200542005
2022-08-02,18600,18600,18250,18450,21778,-0.5390835579514826
2022-08-03,18300,18550,18300,18500,15345,0.27100271002710025
2022-08-04,18500,18650,18350,18600,20159,0.5405405405405406
2022-08-05,18550,18950,18550,18900,31666,1.6129032258064515
2022-08-08,18900,18900,18450,18600,46323,-1.5873015873015872
2022-08-09,19150,19400,18750,18950,99226,1.881720430107527
2022-08-10,19000,19000,18700,18750,47251,-1.0554089709762533
2022-08-11,19000,19050,18750,18950,60402,1.0666666666666667
2022-08-12,18950,19200,18950,19200,54560,1.3192612137203166
2022-08-16,19250,19250,19050,19150,26293,-0.26041666666666663
2022-08-17,19050,19150,18650,18850,48125,-1.5665796344647518
2022-08-18,18800,18800,18450,18700,27168,-0.7957559681697612
2022-08-19,18750,18750,18200,18350,67112,-1.8716577540106951
2022-08-22,18300,18300,17850,17900,46793,-2.452316076294278
2022-08-23,17700,17900,17300,17550,47579,-1.9553072625698324
2022-08-24,17500,17700,17300,17500,28778,-0.2849002849002849
2022-08-25,17550,17850,17400,17650,23109,0.8571428571428572
2022-08-26,17800,17800,17500,17600,27829,-0.28328611898017
2022-08-29,17000,17200,16800,16850,44686,-4.261363636363636
2022-08-30,17000,17150,16750,16950,30298,0.5934718100890208
2022-08-31,16950,17050,16700,16900,43050,-0.2949852507374631
2022-09-01,16900,16900,16350,16550,60717,-2.0710059171597637
2022-09-02,16550,16650,16350,16500,43557,-0.3021148036253776
2022-09-05,16500,16600,15850,16100,62689,-2.4242424242424243
2022-09-06,16200,16250,15600,15700,67128,-2.484472049689441
2022-09-07,15550,15700,15000,15300,65628,-2.547770700636943
2022-09-08,15350,15750,15250,15650,34601,2.287581699346405
2022-09-13,15750,15750,15500,15750,54747,0.6389776357827476
2022-09-14,15300,15450,15150,15350,27628,-2.5396825396825395
2022-09-15,15350,15450,15200,15450,26232,0.6514657980456027
2022-09-16,15200,15350,14850,15150,192452,-1.9417475728155338
2022-09-19,15150,15250,14450,14700,63460,-2.9702970297029703
2022-09-20,14650,14800,14450,14600,31801,-0.6802721088435374
2022-09-21,14500,14550,14250,14300,22890,-2.054794520547945
2022-09-22,14150,14150,13800,14000,58545,-2.097902097902098
2022-09-23,13850,13950,13400,13500,45365,-3.571428571428571
2022-09-26,13450,13450,12750,12800,101668,-5.185185185185185
2022-09-27,12700,12950,12450,12800,40599,0.0
2022-09-28,12600,12750,11950,12250,92814,-4.296875
2022-09-29,12250,12400,11850,11850,81722,-3.2653061224489797
2022-09-30,11650,12150,11550,12050,52433,1.6877637130801686
2022-10-04,12050,12350,11950,12250,55893,1.6597510373443984
2022-10-05,12350,12450,11600,11700,86037,-4.489795918367347
2022-10-06,11750,12800,11700,12400,78484,5.982905982905983
2022-10-07,12400,12450,12100,12250,30702,-1.2096774193548387
2022-10-11,12050,12100,11350,11350,55593,-7.346938775510205
2022-10-12,11350,11550,11250,11450,24669,0.881057268722467
2022-10-13,11350,11500,11000,11100,35830,-3.056768558951965
2022-10-14,11350,11600,11250,11400,25867,2.7027027027027026
2022-10-17,11100,11500,11100,11450,16032,0.43859649122807015
2022-10-18,11500,11850,11500,11800,28758,3.056768558951965
2022-10-19,11850,12000,11450,11500,56800,-2.5423728813559325
2022-10-20,11300,11500,10250,10400,269198,-9.565217391304348
2022-10-21,10250,10400,9450,9640,334899,-7.307692307692308
2022-10-24,9900,11800,9860,11100,656798,15.145228215767634
2022-10-25,11050,11200,10850,11200,99655,0.9009009009009009
2022-10-26,11150,11200,10450,10800,97347,-3.571428571428571
2022-10-27,10700,10950,10500,10900,38177,0.9259259259259258
2022-10-28,10750,11000,10100,10450,123303,-4.128440366972478
2022-10-31,10550,10600,10350,10550,32109,0.9569377990430622
2022-11-01,10500,10600,10400,10600,76308,0.47393364928909953
2022-11-02,10500,10850,10500,10850,63428,2.358490566037736
2022-11-03,10700,10850,10500,10700,28912,-1.3824884792626728
2022-11-04,10700,10750,10250,10500,74865,-1.8691588785046727
2022-11-07,10600,10750,10300,10600,150751,0.9523809523809524
2022-11-08,10550,10750,10400,10650,138453,0.4716981132075472
2022-11-09,10850,11450,10750,11150,351576,4.694835680751173
2022-11-10,10950,11200,10900,11050,97348,-0.8968609865470852
2022-11-11,11400,11450,11100,11450,124064,3.619909502262444
2022-11-14,11650,11800,11250,11500,109626,0.43668122270742354
2022-11-15,11500,12000,11250,11950,107634,3.91304347826087
2022-11-16,12000,12100,11800,12100,67001,1.2552301255230125
2022-11-17,11950,12000,11650,11950,83715,-1.2396694214876034
2022-11-18,11900,12350,11750,12300,98531,2.928870292887029
2022-11-21,12200,12300,11600,11750,130910,-4.471544715447155
2022-11-22,11550,11750,11400,11650,64715,-0.851063829787234
2022-11-23,11700,11750,11450,11650,47955,0.0
2022-11-24,11750,11850,11600,11850,37317,1.7167381974248928
2022-11-25,11800,11800,11600,11800,37013,-0.42194092827004215
2022-11-28,11700,11700,11400,11500,61333,-2.5423728813559325
2022-11-29,11450,11700,11400,11700,35103,1.7391304347826086
2022-11-30,11700,12450,11550,12250,183807,4.700854700854701
2022-12-01,12450,12800,11850,12250,192726,0.0
2022-12-02,12200,12200,11800,12150,102421,-0.8163265306122449
2022-12-05,12150,12200,11850,12100,66041,-0.411522633744856
2022-12-06,11850,12050,11750,12050,52536,-0.4132231404958678
2022-12-07,11950,12000,11650,12000,58201,-0.4149377593360996
2022-12-08,11900,12000,11600,11750,78990,-2.083333333333333
2022-12-09,11750,11800,11550,11700,36291,-0.425531914893617
2022-12-12,11600,11750,11450,11750,41970,0.4273504273504274
2022-12-13,11650,11850,11600,11850,25053,0.851063829787234
2022-12-14,11850,11900,11400,11550,153435,-2.5316455696202533
2022-12-15,11500,11500,11200,11500,58162,-0.4329004329004329
2022-12-16,11300,11300,10950,10950,161086,-4.782608695652174
2022-12-19,10900,10950,10700,10750,31764,-1.82648401826484
2022-12-20,10700,10800,10450,10700,42877,-0.46511627906976744
2022-12-21,10700,10750,10550,10750,23628,0.46728971962616817
2022-12-22,10700,10850,10600,10800,59556,0.46511627906976744
2022-12-23,10650,10750,10550,10750,32599,-0.4629629629629629
2022-12-26,10650,10800,10600,10750,23887,0.0
2022-12-27,10750,10800,10700,10750,20836,0.0
2022-12-28,10750,10750,10500,10600,21345,-1.3953488372093024
2022-12-29,10500,10550,10250,10450,38926,-1.4150943396226416
2023-01-02,10350,10450,10200,10400,33850,-0.4784688995215311
2023-01-03,10300,10500,10100,10450,92289,0.4807692307692308
2023-01-04,10250,10450,10200,10250,101755,-1.9138755980861244
2023-01-05,10200,10550,9980,10450,243863,1.951219512195122
2023-01-06,10450,10650,10350,10650,37614,1.9138755980861244
2023-01-09,10700,10800,10550,10700,46519,0.4694835680751174
2023-01-10,10650,10750,10550,10700,33295,0.0
2023-01-11,10700,10750,10600,10750,37176,0.46728971962616817
2023-01-12,10800,10900,10650,10900,52881,1.3953488372093024
2023-01-13,10900,11050,10800,11050,39350,1.3761467889908259
2023-01-16,11100,11100,10950,11050,35691,0.0
2023-01-17,11050,11050,10850,10950,38806,-0.904977375565611
2023-01-18,11000,11050,10800,10950,62957,0.0
2023-01-19,10950,11000,10800,11000,19236,0.45662100456621
2023-01-20,11000,11050,10900,11000,37695,0.0
2023-01-25,11010,11030,10940,11000,36448,0.0
2023-01-26,11010,11070,10960,11030,49010,0.27272727272727276
2023-01-27,11040,11640,11020,11370,194558,3.0825022665457844
2023-01-30,11390,11390,11230,11330,35353,-0.3518029903254178
2023-01-31,11300,11750,11180,11750,164411,3.7069726390114734
2023-02-01,11700,11850,11670,11800,87676,0.425531914893617
2023-02-02,11820,11830,11750,11830,68739,0.2542372881355932
2023-02-03,11830,11880,11700,11880,54549,0.422654268808115
2023-02-06,11790,11800,11630,11800,69179,-0.6734006734006733
2023-02-07,11750,12000,11680,12000,87127,1.694915254237288
2023-02-08,12000,12210,11920,12050,79242,0.4166666666666667
2023-02-09,11950,12030,11850,11850,55375,-1.6597510373443984
2023-02-10,11800,11870,11640,11870,65365,0.16877637130801687
2023-02-13,11870,11870,11700,11770,33000,-0.8424599831508003
2023-02-14,11770,11800,11720,11790,26509,0.16992353440951571
2023-02-15,11790,11790,11570,11580,96736,-1.7811704834605597
2023-02-16,11580,11720,11550,11720,60824,1.2089810017271159
2023-02-17,11660,11670,11570,11670,33657,-0.42662116040955633
2023-02-20,11700,12330,11700,12330,379555,5.655526992287918
2023-02-21,12360,13500,12260,13450,805445,9.083536090835361
2023-02-22,13260,13260,12710,12720,293361,-5.4275092936802976
2023-02-23,12700,12850,12360,12660,126850,-0.4716981132075472
2023-02-24,12630,12730,12500,12600,111872,-0.47393364928909953
2023-02-27,12410,12570,12050,12570,115985,-0.2380952380952381
2023-02-28,12490,12800,12350,12500,142599,-0.5568814638027049
2023-03-02,12500,12600,12390,12560,94603,0.48
2023-03-03,12580,12590,12150,12310,95121,-1.9904458598726114
2023-03-06,12350,12390,11960,12300,159766,-0.08123476848090982
2023-03-07,12290,12460,12210,12370,60946,0.5691056910569106
2023-03-08,12170,12360,12060,12300,74927,-0.5658852061438965
2023-03-09,12300,12510,12170,12270,57062,-0.24390243902439024
2023-03-10,12180,12180,11890,11980,71325,-2.363488182559087
2023-03-13,11850,11900,11460,11740,122201,-2.003338898163606
2023-03-14,11640,11740,11200,11380,101401,-3.0664395229982966
2023-03-15,11400,11480,11330,11370,70506,-0.08787346221441124
2023-03-16,11300,11300,10870,10870,84319,-4.397537379067722
2023-03-17,10950,10980,10760,10780,97493,-0.8279668813247469
2023-03-20,10740,10910,10740,10830,32495,0.463821892393321
2023-03-21,10880,10880,10650,10720,36606,-1.0156971375807942
2023-03-22,10760,10760,10590,10640,53711,-0.7462686567164178
2023-03-23,10580,10590,10300,10500,67925,-1.3157894736842104
2023-03-24,10380,10500,10340,10460,38596,-0.38095238095238093
2023-03-27,10400,10460,10120,10250,45580,-2.0076481835564053
2023-03-28,10160,10390,10160,10390,35795,1.3658536585365855
2023-03-29,10350,10550,10290,10420,66690,0.28873917228103946
2023-03-30,10420,10600,10340,10590,37770,1.6314779270633395
2023-03-31,10590,10630,10490,10590,46829,0.0
2023-04-03,10610,10880,10560,10810,68966,2.0774315391879132
2023-04-04,10640,10880,10600,10820,46364,0.09250693802035154
2023-04-05,10750,10860,10740,10850,16681,0.27726432532347506
2023-04-06,10830,10840,10650,10840,25385,-0.09216589861751152
2023-04-07,10850,10850,10680,10830,36336,-0.09225092250922509
2023-04-10,10750,10780,10540,10650,62813,-1.662049861495845
2023-04-11,10600,10640,10450,10640,32370,-0.09389671361502347
2023-04-12,10640,10660,10530,10640,36662,0.0
2023-04-13,10620,10700,10530,10670,23045,0.28195488721804507
2023-04-14,10670,10870,10650,10720,59026,0.4686035613870665
2023-04-17,10720,10770,10530,10700,35149,-0.18656716417910446
2023-04-18,10700,10780,10470,10780,61434,0.7476635514018692
2023-04-19,10730,10950,10630,10900,65176,1.1131725417439702
2023-04-20,10910,10910,10720,10810,36664,-0.8256880733944955
2023-04-21,10710,10810,10590,10710,30978,-0.9250693802035153
2023-04-24,10680,10720,10550,10690,22769,-0.18674136321195145
2023-04-25,10690,10700,10590,10700,16276,0.09354536950420954
2023-04-26,10600,10740,10510,10740,8720,0.3738317757009346
2023-04-27,10740,10790,10620,10790,11003,0.4655493482309125
2023-04-28,10810,10810,10650,10800,31631,0.09267840593141798
2023-05-02,10800,10850,10710,10830,28413,0.2777777777777778
2023-05-03,10730,10860,10600,10830,18920,0.0
2023-05-04,10620,10850,10620,10850,46375,0.18467220683287164
2023-05-08,10780,10940,10740,10940,46226,0.8294930875576038
2023-05-09,10860,10980,10830,10980,24191,0.3656307129798903
2023-05-10,10930,11000,10860,10980,21223,0.0
2023-05-11,10910,11020,10890,11020,42947,0.36429872495446264
2023-05-12,11060,11060,10870,10990,22960,-0.27223230490018147
2023-05-15,10990,10990,10760,10980,41584,-0.09099181073703368
2023-05-16,10940,10950,10750,10900,34693,-0.7285974499089253
2023-05-17,10900,10900,10750,10850,26023,-0.45871559633027525
2023-05-18,10810,10830,10700,10830,16802,-0.18433179723502305
2023-05-19,10830,10850,10670,10840,19171,0.09233610341643582
2023-05-22,10790,10890,10750,10880,12638,0.36900369003690037
2023-05-23,10860,10860,10760,10840,26966,-0.3676470588235294
2023-05-24,10840,11080,10730,10880,50114,0.36900369003690037
2023-05-25,10880,10880,10720,10750,33892,-1.1948529411764706
2023-05-26,10760,10770,10480,10600,50576,-1.3953488372093024
2023-05-30,10690,10690,10360,10500,50924,-0.9433962264150944
2023-05-31,10480,10480,10370,10380,53633,-1.1428571428571428
2023-06-01,10380,10450,10280,10350,42288,-0.2890173410404624
2023-06-02,10310,10340,10240,10250,38267,-0.966183574879227
2023-06-05,10290,10310,10200,10280,29269,0.2926829268292683
2023-06-07,10280,10330,10220,10300,35518,0.19455252918287938
2023-06-08,10300,10300,10140,10230,55372,-0.6796116504854369
2023-06-09,10210,10510,10140,10470,62259,2.346041055718475
2023-06-12,10410,10470,10270,10450,27503,-0.19102196752626552
2023-06-13,10360,10420,10320,10400,47024,-0.4784688995215311
2023-06-14,10330,10360,10090,10090,74737,-2.980769230769231
2023-06-15,10070,10100,9800,10090,70826,0.0
2023-06-16,10090,10090,9780,9950,138177,-1.3875123885034688
2023-06-19,9850,9910,9320,9450,198697,-5.025125628140704
2023-06-20,9430,9430,9200,9240,78729,-2.2222222222222223
2023-06-21,9160,9240,8720,8720,266538,-5.627705627705628
2023-06-22,8750,8800,8610,8720,87621,0.0
2023-06-23,8700,8790,8150,8260,200378,-5.275229357798166
2023-06-26,8270,8850,8140,8670,119992,4.963680387409201
2023-06-27,8580,8600,8300,8310,72272,-4.1522491349480966
2023-06-28,8310,8350,8200,8300,46973,-0.12033694344163659
2023-06-29,8300,8300,8140,8230,55585,-0.8433734939759037
2023-06-30,8150,8200,8000,8180,50084,-0.6075334143377886
2023-07-03,8150,8290,8150,8290,28838,1.3447432762836184
2023-07-04,8290,8330,8100,8200,39021,-1.0856453558504222
2023-07-05,8190,8220,8080,8220,40352,0.24390243902439024
2023-07-06,8180,8180,7950,8030,65367,-2.3114355231143553
2023-07-07,7950,8040,7560,8040,95770,0.12453300124533001
2023-07-10,8000,8050,7910,8030,54572,-0.12437810945273632
2023-07-11,7950,8050,7840,8050,97933,0.24906600249066002
2023-07-12,8000,8050,7850,7850,95972,-2.484472049689441
2023-07-13,7850,7900,7510,7510,225835,-4.3312101910828025
2023-07-14,7530,7580,7230,7480,209860,-0.3994673768308922
2023-07-17,7490,7640,7350,7490,103634,0.1336898395721925
2023-07-18,7420,7500,7170,7280,95890,-2.803738317757009
2023-07-19,7260,7280,7080,7200,100632,-1.098901098901099
2023-07-20,7190,7190,7060,7180,75474,-0.2777777777777778
2023-07-21,7110,7170,7040,7160,72893,-0.2785515320334262
2023-07-24,7070,7140,6810,7000,170972,-2.2346368715083798
2023-07-25,6980,6980,6540,6640,311847,-5.142857142857142
2023-07-26,6660,6660,5990,6600,339719,-0.6024096385542169
2023-07-27,6450,6740,6450,6630,95077,0.45454545454545453
2023-07-28,6620,6860,6580,6830,31533,3.0165912518853695
2023-07-31,6830,7190,6770,6990,62224,2.342606149341142
2023-08-01,7000,7100,6890,7070,51599,1.144492131616595
2023-08-02,7070,7070,6850,6930,44397,-1.9801980198019802
2023-08-03,6850,6960,6710,6950,35013,0.2886002886002886
2023-08-04,6900,7350,6890,7200,94579,3.597122302158273
2023-08-07,7120,7130,6960,7040,45833,-2.2222222222222223
2023-08-08,7030,7030,6790,6870,96854,-2.414772727272727
2023-08-09,6810,6980,6710,6970,42735,1.455604075691412
2023-08-10,6900,7360,6900,7300,103794,4.734576757532281
2023-08-11,7300,7340,7190,7270,42072,-0.410958904109589
2023-08-14,7280,7280,6920,7020,66468,-3.43878954607978
2023-08-16,6930,6990,6620,6690,94187,-4.700854700854701
2023-08-17,6610,6630,6450,6630,77864,-0.8968609865470852
2023-08-18,6470,6750,6470,6700,33410,1.0558069381598794
2023-08-21,6700,6750,6630,6710,26685,0.1492537313432836
2023-08-22,6710,6750,6600,6710,64898,0.0
2023-08-23,6620,6750,6590,6750,25521,0.5961251862891207
2023-08-24,6730,6760,6640,6720,39138,-0.4444444444444444
2023-08-25,6680,6780,6620,6770,28957,0.744047619047619
2023-08-28,6700,7110,6700,6990,62032,3.2496307237813884
2023-08-29,7000,7080,6950,7020,54230,0.4291845493562232
2023-08-30,7040,7040,6900,6970,48721,-0.7122507122507122
2023-08-31,6960,7100,6800,6960,66350,-0.1434720229555237
2023-09-01,6900,7000,6860,7000,13513,0.5747126436781609
2023-09-04,6950,7010,6860,6980,26702,-0.2857142857142857
2023-09-05,6910,6920,6630,6710,112770,-3.8681948424068766
2023-09-06,6720,6730,6610,6680,86548,-0.44709388971684055
2023-09-07,6610,6680,6450,6600,141767,-1.1976047904191618
2023-09-08,6510,6700,6510,6690,42019,1.3636363636363635
2023-09-11,6720,6730,6620,6700,29396,0.14947683109118087
2023-09-12,6700,6720,6610,6680,24507,-0.2985074626865672
2023-09-13,6680,6780,6580,6720,44159,0.5988023952095809
2023-09-14,6640,7030,6640,6850,93661,1.9345238095238095
2023-09-15,6820,6970,6800,6890,32653,0.583941605839416
2023-09-18,6770,6910,6700,6790,82751,-1.4513788098693758
2023-09-19,6730,6990,6710,6900,61926,1.6200294550810017
2023-09-20,6900,6900,6650,6730,62345,-2.4637681159420293
2023-09-21,6660,6730,6460,6710,106685,-0.2971768202080238
2023-09-22,6490,6670,6330,6330,85873,-5.663189269746647
2023-09-25,6320,6320,6000,6250,112270,-1.263823064770932
2023-09-26,6200,6230,5970,6040,75601,-3.36
2023-09-27,5990,6130,5950,6120,20016,1.3245033112582782
2023-10-04,6120,6190,6020,6110,47899,-0.16339869281045752
2023-10-05,6040,6140,5990,6090,32552,-0.32733224222585927
2023-10-06,6020,6090,6010,6060,21242,-0.49261083743842365
2023-10-10,6100,6100,5940,6010,52095,-0.825082508250825
2023-10-11,5980,6050,5980,6030,27076,0.33277870216306155
2023-10-12,6010,6080,6010,6060,33376,0.4975124378109453
2023-10-13,6050,6060,5950,6030,36081,-0.49504950495049505
2023-10-16,6030,6030,5870,5930,46440,-1.658374792703151
2023-10-17,5930,5940,5850,5920,61797,-0.16863406408094433
2023-10-18,5900,5900,5830,5900,43129,-0.33783783783783783
2023-10-19,5860,5880,5640,5700,141526,-3.389830508474576
2023-10-20,5600,5680,5440,5600,144903,-1.7543859649122806
2023-10-23,5560,5560,5420,5420,48020,-3.214285714285714
2023-10-24,5380,5480,5260,5460,89017,0.7380073800738007
2023-10-25,5450,5460,5340,5440,55353,-0.3663003663003663
2023-10-26,5320,5440,5200,5270,146330,-3.125
2023-10-27,5250,5270,5180,5240,67702,-0.5692599620493358
2023-10-30,5190,5240,5080,5220,38973,-0.38167938931297707
2023-10-31,5240,5310,5180,5240,29870,0.38314176245210724
2023-11-01,5210,5280,5170,5280,27291,0.7633587786259541
2023-11-02,5280,5430,5280,5380,94502,1.893939393939394
2023-11-03,5390,5520,5330,5510,77316,2.41635687732342
2023-11-06,5590,5610,5480,5580,72974,1.2704174228675136
2023-11-07,5510,5550,5320,5350,124561,-4.121863799283155
2023-11-08,5370,5440,5300,5410,71574,1.1214953271028036
2023-11-09,5370,5750,5360,5600,191202,3.512014787430684
2023-11-10,5520,5530,5390,5520,69676,-1.4285714285714286
2023-11-13,5530,5530,5370,5400,55597,-2.1739130434782608
2023-11-14,5400,5430,5310,5360,32583,-0.7407407407407408
2023-11-15,5370,5490,5340,5390,110043,0.5597014925373134
2023-11-16,5350,5460,5350,5450,61861,1.1131725417439702
2023-11-17,5410,5520,5380,5440,26356,-0.1834862385321101
2023-11-20,5440,5570,5410,5570,86601,2.389705882352941
2023-11-21,5530,5680,5490,5660,93940,1.615798922800718
2023-11-22,5600,5680,5600,5670,33771,0.17667844522968199
2023-11-23,5660,5710,5610,5650,29412,-0.3527336860670194
2023-11-24,5620,5640,5470,5480,73533,-3.0088495575221237
2023-11-27,5480,5500,5260,5290,114864,-3.4671532846715327
2023-11-28,5290,5290,5140,5160,245225,-2.4574669187145557
2023-11-29,5160,5170,5070,5130,136190,-0.5813953488372093
2023-11-30,5130,5220,5000,5000,561246,-2.53411306042885
2023-12-01,5010,5090,4885,4945,259682,-1.0999999999999999
2023-12-04,4935,5150,4860,5020,302796,1.5166835187057632
2023-12-05,5020,5060,4890,5010,110385,-0.199203187250996
2023-12-06,4975,5080,4960,5070,335833,1.1976047904191618
2023-12-07,5450,6590,5250,6590,9837850,29.980276134122285
2023-12-08,7000,7620,5800,6730,20997283,2.12443095599393
2023-12-11,6660,7130,6570,6570,5805548,-2.37741456166419
2023-12-12,6460,6520,6120,6200,1478464,-5.6316590563165905
2023-12-13,6110,6780,6030,6160,4666662,-0.6451612903225806
2023-12-14,6110,6120,4985,5090,2813077,-17.37012987012987
2023-12-15,4910,5060,4550,4725,2630277,-7.170923379174853
2023-12-18,4710,4750,4475,4570,1009311,-3.28042328042328
2023-12-19,4570,4970,4540,4670,986651,2.1881838074398248
2023-12-20,4665,4720,4550,4600,435363,-1.4989293361884368
2023-12-21,4570,4610,4450,4505,491082,-2.0652173913043477
2023-12-22,4600,4785,4500,4570,927612,1.4428412874583796
2023-12-26,4570,4570,4450,4500,370252,-1.5317286652078774
2023-12-27,4450,4465,4020,4180,1419458,-7.111111111111111
2023-12-28,4000,4875,3975,4225,5843876,1.076555023923445
2024-01-02,4165,4450,4085,4290,1308400,1.5384615384615385
2024-01-03,4415,5360,4315,4800,13550379,11.888111888111888
2024-01-04,4800,4800,4325,4405,2456411,-8.229166666666666
2024-01-05,4400,4490,4350,4410,696868,0.11350737797956867
2024-01-08,4495,5070,4415,4745,4727800,7.596371882086168
2024-01-09,4735,4825,4465,4695,1878188,-1.053740779768177
2024-01-10,4720,4760,4540,4690,532939,-0.10649627263045794
2024-01-11,4725,5490,4700,4845,6535428,3.304904051172708
2024-01-12,4800,4805,4370,4400,1191390,-9.184726522187821
2024-01-15,4375,4380,4150,4230,586209,-3.8636363636363633
2024-01-16,4195,4365,4110,4125,404930,-2.4822695035460995
2024-01-17,4165,4165,3990,4040,201561,-2.0606060606060606
2024-01-18,4000,4250,3940,4040,390328,0.0
2024-01-19,4040,4100,3950,4000,216190,-0.9900990099009901
2024-01-22,3955,4000,3780,3830,201986,-4.25
2024-01-23,3830,3900,3750,3860,219176,0.7832898172323759
2024-01-24,3825,3830,3750,3805,98426,-1.4248704663212435
2024-01-25,3755,3795,3700,3790,106320,-0.39421813403416556
2024-01-26,3785,3910,3780,3900,142020,2.9023746701846966
2024-01-29,3920,4000,3850,3960,186602,1.5384615384615385
2024-01-30,3990,4050,3935,4020,195451,1.5151515151515151
2024-01-31,3965,4145,3965,4140,363733,2.9850746268656714
2024-02-01,4140,4205,3990,4205,276039,1.570048309178744
2024-02-02,4205,4255,4060,4185,365353,-0.47562425683709864
2024-02-05,4185,4235,4055,4200,221175,0.35842293906810035
2024-02-06,4200,4200,4030,4030,250146,-4.0476190476190474
2024-02-07,4030,4095,3975,4090,192989,1.488833746898263
2024-02-08,4095,4155,4010,4045,184315,-1.1002444987775062
2024-02-13,4050,4085,4015,4070,188406,0.6180469715698393
2024-02-14,4020,4075,3995,4045,155681,-0.6142506142506142
2024-02-15,4070,4070,3980,4005,358261,-0.9888751545117428
2024-02-16,4035,4035,3965,4015,189426,0.24968789013732834
2024-02-19,4015,4105,3955,4065,223121,1.2453300124533
2024-02-20,4095,4095,4010,4030,184266,-0.8610086100861009
2024-02-21,4010,4050,3985,4010,194009,-0.49627791563275436
2024-02-22,4000,4010,3925,4000,154384,-0.24937655860349126
2024-02-23,4000,4035,3955,4005,113988,0.125
2024-02-26,4005,4075,3890,3890,251866,-2.871410736579276
2024-02-27,3850,3875,3765,3815,224363,-1.9280205655526992
2024-02-28,3765,3870,3760,3840,134111,0.655307994757536
2024-02-29,3810,3880,3790,3800,116608,-1.0416666666666665
2024-03-04,3845,3845,3720,3765,81691,-0.9210526315789472
2024-03-05,3745,3775,3665,3670,143767,-2.5232403718459495
2024-03-06,3660,3725,3590,3625,130520,-1.226158038147139
2024-03-07,3650,3660,3495,3495,212232,-3.5862068965517238
2024-03-08,3515,3635,3515,3580,146815,2.432045779685265
2024-03-11,3635,3655,3550,3640,133194,1.675977653631285
2024-03-12,3640,3675,3585,3660,155278,0.5494505494505495
2024-03-13,3625,3780,3625,3710,140824,1.366120218579235
2024-03-14,3680,3785,3680,3780,228063,1.8867924528301887
2024-03-15,3720,3770,3615,3625,585268,-4.1005291005291005
2024-03-18,3635,3655,3440,3550,130787,-2.0689655172413794
2024-03-19,3500,3590,3415,3425,163588,-3.5211267605633805
2024-03-20,3450,3500,3405,3420,96804,-0.145985401459854
2024-03-21,3400,3440,3265,3355,225483,-1.9005847953216373
2024-03-22,0,0,0,3355,0,0.0
2024-03-25,3055,3290,3015,3210,460378,-4.321907600596125
2024-03-26,3175,3255,3115,3160,205095,-1.557632398753894
2024-03-27,3160,3195,3130,3165,101090,0.15822784810126583
2024-03-28,3165,3595,3155,3595,831478,13.58609794628752
2024-03-29,3735,3945,3430,3540,1155287,-1.52990264255911
2024-04-01,3460,3500,3260,3485,268644,-1.5536723163841808
2024-04-02,3440,3485,3360,3435,137490,-1.4347202295552368
2024-04-03,3435,3455,3360,3430,78503,-0.1455604075691412
2024-04-04,3400,3445,3395,3440,50862,0.2915451895043732
2024-04-05,3395,3450,3370,3410,86882,-0.872093023255814
2024-04-08,3455,3530,3405,3465,137977,1.6129032258064515
2024-04-09,3430,3535,3430,3465,130479,0.0
2024-04-11,3445,3475,3410,3425,58009,-1.1544011544011543
2024-04-12,3405,3490,3260,3360,174141,-1.897810218978102
2024-04-15,3350,3400,3205,3360,60039,0.0
2024-04-16,3315,3415,3310,3395,62591,1.0416666666666665
2024-04-17,3395,3630,3395,3410,269482,0.4418262150220913
2024-04-18,3410,3610,3405,3610,117806,5.865102639296188
2024-04-19,3620,3630,3465,3590,137084,-0.554016620498615
2024-04-22,3680,3695,3470,3615,203624,0.6963788300835655
2024-04-23,3580,3800,3575,3730,166540,3.18118948824343
2024-04-24,3720,3875,3670,3825,136051,2.546916890080429
2024-04-25,3790,3935,3770,3850,105726,0.6535947712418301
2024-04-26,3815,3860,3800,3840,62372,-0.2597402597402597
2024-04-29,3830,3935,3815,3880,89318,1.0416666666666665
2024-04-30,3915,3950,3835,3915,100753,0.902061855670103
2024-05-02,3855,3895,3800,3815,68174,-2.554278416347382
2024-05-03,3780,3850,3755,3830,62178,0.39318479685452157
2024-05-07,3820,3850,3755,3815,52981,-0.39164490861618795
2024-05-08,3775,3825,3775,3815,27690,0.0
2024-05-09,3815,3830,3755,3805,42130,-0.2621231979030144
2024-05-10,3805,3920,3760,3810,124375,0.1314060446780552
2024-05-13,3800,3805,3665,3690,69504,-3.149606299212598
2024-05-14,3675,3840,3675,3800,52243,2.9810298102981028
2024-05-16,3755,3840,3725,3800,54976,0.0
2024-05-17,3755,3900,3710,3790,103246,-0.2631578947368421
2024-05-20,3790,3790,3750,3770,15090,-0.5277044854881267
2024-05-21,3770,3780,3700,3755,65760,-0.3978779840848806
2024-05-22,3760,3770,3700,3750,47529,-0.13315579227696406
2024-05-23,3720,3750,3685,3750,30179,0.0
2024-05-24,3705,3895,3590,3665,225040,-2.2666666666666666
2024-05-27,3665,3665,3530,3625,128008,-1.0914051841746248
2024-05-28,3555,3645,3505,3620,103173,-0.13793103448275862
2024-05-29,3620,3640,3560,3625,30348,0.13812154696132595
2024-05-30,3615,3640,3545,3620,24277,-0.13793103448275862
2024-05-31,3625,3685,3595,3640,45398,0.5524861878453038
2024-06-03,3630,3670,3595,3625,55068,-0.4120879120879121
2024-06-04,3610,3640,3560,3590,65044,-0.9655172413793104
2024-06-05,3560,3590,3540,3570,31068,-0.5571030640668524
2024-06-07,3565,3600,3540,3550,55412,-0.5602240896358543
2024-06-10,3550,3550,3465,3485,51536,-1.8309859154929577
2024-06-11,3450,3510,3435,3440,79404,-1.291248206599713
2024-06-12,3410,3545,3375,3385,83842,-1.5988372093023258
2024-06-13,3385,3465,3350,3385,104912,0.0
2024-06-14,3390,3410,3360,3410,23270,0.7385524372230428
2024-06-17,3360,3425,3360,3405,26321,-0.1466275659824047
2024-06-18,3360,3440,3360,3410,44925,0.14684287812041116
2024-06-19,3440,3440,3380,3410,28604,0.0
2024-06-20,3450,3450,3370,3400,26602,-0.2932551319648094
2024-06-21,3430,3445,3370,3395,48531,-0.14705882352941177
2024-06-24,3395,3400,3370,3390,25993,-0.14727540500736377
2024-06-25,3390,3410,3360,3395,37973,0.14749262536873156
2024-06-26,3415,3415,3380,3405,32754,0.29455081001472755
2024-06-27,3435,3435,3365,3400,48266,-0.14684287812041116
2024-06-28,3410,3470,3380,3465,52354,1.911764705882353
2024-07-01,3465,3465,3380,3450,37221,-0.4329004329004329
2024-07-02,3450,3450,3365,3445,43895,-0.14492753623188406
2024-07-03,3450,3450,3370,3420,46273,-0.7256894049346879
2024-07-04,3460,3460,3380,3415,11694,-0.14619883040935672
2024-07-05,3415,3475,3375,3430,36753,0.43923865300146414
2024-07-08,3465,3465,3385,3430,20378,0.0
2024-07-09,3425,3445,3405,3440,34324,0.2915451895043732
2024-07-10,3450,3485,3410,3480,25979,1.1627906976744187
2024-07-11,3480,3745,3455,3630,122176,4.310344827586207
2024-07-12,3630,3640,3580,3640,25924,0.27548209366391185
2024-07-15,3640,3790,3620,3790,100190,4.1208791208791204
2024-07-16,3795,3945,3750,3890,92445,2.638522427440633
2024-07-17,3895,3920,3850,3900,48589,0.2570694087403599
2024-07-18,3820,3910,3780,3890,54496,-0.2564102564102564
2024-07-19,3890,3915,3830,3910,28057,0.5141388174807198
2024-07-22,3895,3895,3800,3835,72489,-1.9181585677749362
2024-07-23,3810,3870,3790,3825,39285,-0.2607561929595828
2024-07-24,3825,3850,3775,3835,48388,0.261437908496732
2024-07-25,3785,3835,3765,3830,48430,-0.1303780964797914
2024-07-26,3800,3860,3800,3840,46850,0.26109660574412535
2024-07-29,3840,3950,3805,3935,49448,2.473958333333333
2024-07-30,3950,3950,3870,3930,45168,-0.12706480304955528
2024-07-31,3880,3950,3860,3895,40150,-0.8905852417302799
2024-08-01,3885,3920,3885,3920,17888,0.6418485237483954
2024-08-02,3880,3905,3825,3885,39294,-0.8928571428571428
2024-08-05,3845,3845,3405,3615,90955,-6.94980694980695
2024-08-06,3550,3720,3550,3625,62715,0.2766251728907331
2024-08-07,3555,3685,3555,3655,38511,0.8275862068965517
2024-08-08,3655,3685,3560,3665,28586,0.27359781121751026
2024-08-09,3630,3730,3630,3675,47350,0.2728512960436562
2024-08-12,3700,3770,3655,3765,35198,2.4489795918367347
2024-08-13,3765,3775,3650,3720,33485,-1.1952191235059761
2024-08-14,3735,3750,3550,3720,41320,0.0
2024-08-16,3720,3740,3685,3725,8783,0.13440860215053765
2024-08-19,3700,3725,3660,3725,30976,0.0
2024-08-20,3685,3850,3680,3810,84486,2.2818791946308723
2024-08-21,3775,3810,3765,3810,11932,0.0
2024-08-22,3800,3850,3765,3820,17718,0.26246719160104987
2024-08-23,3780,3865,3740,3830,26809,0.2617801047120419
2024-08-26,3850,4460,3675,3885,1052045,1.4360313315926894
2024-08-27,3925,3925,3730,3850,182491,-0.9009009009009009
2024-08-28,3880,3880,3730,3835,104364,-0.38961038961038963
2024-08-29,3820,3830,3755,3820,32094,-0.3911342894393742
2024-08-30,3820,3820,3765,3810,21235,-0.2617801047120419
2024-09-02,3810,3810,3750,3800,17028,-0.26246719160104987
2024-09-03,3790,3845,3730,3780,27209,-0.5263157894736842
2024-09-04,3730,3750,3600,3640,88446,-3.7037037037037033
2024-09-05,3640,3670,3495,3570,76156,-1.9230769230769231
2024-09-06,3530,3570,3410,3545,49554,-0.700280112044818
2024-09-09,3495,3540,3470,3500,18436,-1.2693935119887165
2024-09-10,3530,3535,3435,3475,23425,-0.7142857142857143
2024-09-11,3500,3500,3410,3465,27682,-0.28776978417266186
2024-09-12,3465,3485,3405,3405,24706,-1.7316017316017316
2024-09-13,3410,3480,3365,3440,23854,1.0279001468428781
2024-09-19,3440,3475,3395,3415,18435,-0.7267441860465116
2024-09-20,3420,3480,3400,3415,9566,0.0
2024-09-23,3415,3445,3395,3410,11339,-0.14641288433382138
2024-09-24,3425,3435,3400,3435,13424,0.7331378299120235
2024-09-25,3410,3540,3410,3440,43548,0.1455604075691412
2024-09-26,3430,3500,3425,3500,14626,1.744186046511628
2024-09-27,3540,3540,3460,3520,17042,0.5714285714285714
2024-09-30,3595,3640,3505,3580,58819,1.7045454545454544
2024-10-02,3580,3580,3500,3555,20451,-0.6983240223463687
2024-10-04,3580,3580,3535,3575,11763,0.5625879043600562
2024-10-07,3590,3615,3535,3565,54177,-0.27972027972027974
2024-10-08,3580,3595,3485,3530,61786,-0.9817671809256662
2024-10-10,3530,3560,3490,3525,25983,-0.141643059490085
2024-10-11,3545,3590,3490,3540,20247,0.425531914893617
2024-10-14,3500,3530,3485,3485,10984,-1.5536723163841808
2024-10-15,3485,3515,3440,3500,16929,0.430416068866571
2024-10-16,3510,3520,3430,3515,16660,0.4285714285714286
2024-10-17,3515,3525,3460,3515,18270,0.0
2024-10-18,3500,3520,3435,3510,46869,-0.1422475106685633
2024-10-21,3510,3510,3445,3465,19523,-1.282051282051282
2024-10-22,3465,3475,3355,3410,47483,-1.5873015873015872
2024-10-23,3400,3435,3365,3405,11706,-0.1466275659824047
2024-10-24,3405,3490,3380,3400,19330,-0.14684287812041116
2024-10-25,3405,3405,3370,3395,65289,-0.14705882352941177
2024-10-28,4100,4230,3550,3670,3891072,8.100147275405007
2024-10-29,3670,3720,3490,3500,1146799,-4.632152588555858
2024-10-30,3485,3590,3460,3540,289866,1.1428571428571428
2024-10-31,3695,4050,3455,3500,3083430,-1.1299435028248588
2024-11-01,3465,3500,3390,3425,153331,-2.142857142857143
2024-11-04,3405,3440,3325,3390,154787,-1.0218978102189782
2024-11-05,3350,3400,3345,3375,47212,-0.4424778761061947
2024-11-06,3380,3400,3300,3350,77082,-0.7407407407407408
2024-11-07,3320,3355,3270,3290,71175,-1.791044776119403
2024-11-08,3290,3330,3265,3310,37073,0.60790273556231
2024-11-11,3320,3320,3190,3250,74044,-1.812688821752266
2024-11-12,3250,3260,3060,3060,135120,-5.846153846153846
2024-11-13,3060,3090,2915,2930,121982,-4.248366013071895
2024-11-14,2930,2990,2815,2860,110365,-2.3890784982935154
2024-11-15,2860,2875,2720,2815,117903,-1.5734265734265735
2024-11-18,2810,2950,2800,2855,50031,1.4209591474245116
2024-11-19,2840,2900,2820,2860,24087,0.17513134851138354
2024-11-20,2865,2920,2865,2895,15944,1.2237762237762237
2024-11-21,2895,2995,2855,2945,48403,1.7271157167530224
2024-11-22,2940,2975,2895,2945,40697,0.0
2024-11-25,2970,2970,2920,2925,13551,-0.6791171477079796
2024-11-26,2955,3050,2925,2995,54133,2.3931623931623935
2024-11-27,2980,3020,2970,2995,7944,0.0
2024-11-28,2995,3010,2970,2990,9665,-0.1669449081803005
2024-11-29,2990,3015,2920,2995,39930,0.16722408026755853
2024-12-02,3005,3005,2915,2975,18099,-0.667779632721202
2024-12-03,2965,3025,2945,2990,11312,0.5042016806722689
2024-12-04,2960,2990,2815,2940,46720,-1.6722408026755853
2024-12-05,2950,2950,2820,2855,27643,-2.891156462585034
2024-12-06,2855,2855,2685,2735,101379,-4.203152364273205
2024-12-09,2700,2700,2545,2645,89148,-3.2906764168190126
2024-12-10,2670,2735,2630,2705,42328,2.2684310018903595
2024-12-11,2705,2820,2695,2815,33584,4.066543438077634
2024-12-12,2860,2860,2800,2815,25565,0.0
2024-12-13,2815,2925,2765,2915,76373,3.5523978685612785
2024-12-16,2905,2915,2830,2895,31055,-0.6861063464837049
2024-12-17,2895,2895,2825,2875,18139,-0.690846286701209
2024-12-18,2865,2890,2830,2880,31730,0.17391304347826086
2024-12-19,2885,2885,2800,2885,68678,0.1736111111111111
2024-12-20,2830,3280,2790,3005,2062768,4.15944540727903
2024-12-23,2940,3265,2930,3125,743043,3.9933444259567388
2024-12-24,3070,3100,2930,2985,572636,-4.4799999999999995
2024-12-26,2985,2985,2865,2870,265998,-3.8525963149078724
2024-12-27,2830,2840,2745,2770,64946,-3.484320557491289
2024-12-30,2745,2765,2720,2720,37908,-1.8050541516245486
2025-01-02,2725,2725,2700,2715,12478,-0.1838235294117647
2025-01-03,2715,2735,2710,2715,14393,0.0
2025-01-06,2715,2745,2680,2730,14065,0.5524861878453038
2025-01-07,2740,2770,2695,2730,18014,0.0
2025-01-08,2725,2740,2690,2710,16293,-0.7326007326007326
2025-01-09,2685,2745,2630,2670,44083,-1.4760147601476015
2025-01-10,2685,2695,2625,2650,31868,-0.7490636704119851
2025-01-13,2650,2670,2580,2640,39874,-0.37735849056603776
2025-01-14,2660,2665,2595,2665,6877,0.946969696969697
2025-01-15,2685,2685,2580,2640,24528,-0.9380863039399625
2025-01-16,2670,2680,2605,2655,18052,0.5681818181818182
2025-01-17,2650,2655,2600,2615,5939,-1.5065913370998116
2025-01-20,2615,2635,2550,2580,37936,-1.338432122370937
2025-01-21,2555,2635,2500,2560,45973,-0.7751937984496124
2025-01-22,2560,2580,2525,2565,23826,0.1953125
2025-01-23,2585,2585,2500,2530,137432,-1.364522417153996
2025-01-24,2530,2555,2520,2540,40268,0.3952569169960474
2025-01-31,2570,2570,2505,2550,94597,0.39370078740157477
2025-02-03,2575,2575,2450,2515,17650,-1.3725490196078431
2025-02-04,2515,2565,2510,2550,6895,1.3916500994035785
2025-02-05,2550,2580,2490,2540,13523,-0.39215686274509803
2025-02-06,2525,2545,2500,2530,12667,-0.39370078740157477
2025-02-07,2510,2530,2475,2505,27079,-0.9881422924901186
2025-02-10,2495,2495,2470,2490,17953,-0.5988023952095809
2025-02-11,2515,2580,2480,2580,21691,3.614457831325301
2025-02-12,2580,2580,2530,2550,4238,-1.1627906976744187
2025-02-13,2575,2575,2490,2530,32878,-0.7843137254901961
2025-02-14,2540,2735,2510,2580,127445,1.9762845849802373
2025-02-17,2575,2655,2545,2650,25945,2.7131782945736433
2025-02-18,2630,2670,2605,2665,17033,0.5660377358490566
2025-02-19,2665,2665,2605,2630,25123,-1.3133208255159476
2025-02-20,2620,2655,2600,2630,28775,0.0
2025-02-21,2660,2670,2620,2670,12323,1.520912547528517
2025-02-24,2640,2700,2560,2605,24818,-2.4344569288389515
2025-02-25,2605,2625,2560,2595,28304,-0.3838771593090211
2025-02-26,2580,2590,2550,2575,24274,-0.7707129094412332
2025-02-27,2595,2620,2545,2570,13656,-0.1941747572815534
2025-02-28,2545,2545,2465,2485,31469,-3.3073929961089497
2025-03-04,2510,2540,2420,2445,23948,-1.6096579476861168
2025-03-05,2470,2500,2420,2450,13774,0.2044989775051125
2025-03-06,2455,2600,2410,2460,43479,0.40816326530612246
2025-03-07,2440,2460,2395,2420,33945,-1.6260162601626018
2025-03-10,2410,2435,2360,2370,30568,-2.066115702479339
2025-03-11,2330,2365,2305,2340,44623,-1.2658227848101267
2025-03-12,2305,2355,2305,2315,26355,-1.0683760683760684
2025-03-13,2290,2340,2250,2260,152159,-2.375809935205184
2025-03-14,2250,2255,2205,2215,86346,-1.991150442477876
2025-03-17,2220,2220,2120,2130,139746,-3.837471783295711
2025-03-18,2110,2130,2040,2100,167179,-1.4084507042253522
2025-03-19,2100,2125,2080,2105,73652,0.2380952380952381
2025-03-20,2240,2720,2165,2485,3375439,18.052256532066508
2025-03-21,2480,2550,2235,2275,798117,-8.450704225352112
2025-03-24,2270,2270,2205,2250,118528,-1.098901098901099
2025-03-25,2220,2270,2200,2255,65048,0.2222222222222222
2025-03-26,2255,2265,2185,2215,309414,-1.7738359201773837
2025-03-27,2220,2220,2160,2195,45290,-0.9029345372460496
2025-03-28,2205,2210,2140,2190,20769,-0.22779043280182232
2025-03-31,2200,2200,2135,2145,9402,-2.054794520547945
2025-04-01,2145,2180,2120,2145,27617,0.0
2025-04-02,2145,2145,2030,2125,28591,-0.9324009324009324
2025-04-03,2120,2125,2050,2120,11512,-0.2352941176470588
2025-04-04,2105,2155,2085,2120,24652,0.0
2025-04-07,2070,2145,1992,2010,44919,-5.188679245283019
2025-04-08,2045,2045,2000,2045,16356,1.7412935323383085
2025-04-09,2030,2045,1991,2020,63235,-1.2224938875305624
2025-04-10,2035,2070,2005,2050,55747,1.4851485148514851
2025-04-11,2010,2050,2005,2020,35524,-1.4634146341463417
2025-04-14,2020,2050,2020,2040,16805,0.9900990099009901
2025-04-15,2055,2055,2020,2040,48888,0.0
2025-04-16,2040,2040,2005,2020,94846,-0.9803921568627451
2025-04-17,2020,2220,2000,2120,510543,4.9504950495049505
2025-04-18,2090,2120,2065,2090,72067,-1.4150943396226416
2025-04-21,2090,2100,2055,2080,78569,-0.4784688995215311
2025-04-22,2075,2075,2045,2060,20239,-0.9615384615384616
2025-04-23,2085,2090,2050,2070,77277,0.48543689320388345
2025-04-24,2070,2090,2050,2085,57275,0.7246376811594203
2025-04-25,2085,2155,2085,2130,51750,2.158273381294964
2025-04-28,2130,2435,2120,2315,341865,8.685446009389672
2025-04-29,2335,3005,2335,2825,3472543,22.03023758099352
2025-04-30,2735,2960,2545,2650,1384320,-6.1946902654867255
2025-05-02,3160,3255,2700,2745,1709797,3.5849056603773586
2025-05-07,2535,2665,2370,2455,648062,-10.564663023679417
2025-05-08,2350,2415,2290,2355,337291,-4.0733197556008145
2025-05-09,2340,2350,2210,2300,209781,-2.335456475583864
2025-05-12,2115,2235,2070,2225,350800,-3.260869565217391
2025-05-13,2200,2280,2200,2265,117911,1.7977528089887642
2025-05-14,2290,2355,2250,2355,107985,3.9735099337748347
2025-05-15,2390,2390,2305,2345,37465,-0.42462845010615713
2025-05-16,2345,2345,2205,2240,115506,-4.477611940298507
2025-05-19,2210,2235,2160,2190,69620,-2.232142857142857
2025-05-20,2185,2250,2185,2240,77312,2.28310502283105
2025-05-21,2240,2280,2225,2260,37382,0.8928571428571428
2025-05-22,2250,2335,2235,2315,52233,2.433628318584071
2025-05-23,2335,2345,2290,2330,60212,0.6479481641468683
2025-05-26,2315,2460,2275,2460,55421,5.579399141630901
2025-05-27,2430,2635,2415,2600,115589,5.691056910569105
2025-05-28,2575,2675,2560,2605,87985,0.19230769230769232
2025-05-29,2625,2770,2575,2735,147321,4.990403071017274
2025-05-30,2710,2785,2705,2745,54585,0.3656307129798903
2025-06-02,2840,2855,2685,2740,112947,-0.18214936247723132
2025-06-04,3000,3295,2810,2950,688035,7.664233576642336
2025-06-05,2970,3060,2915,3000,263487,1.694915254237288
2025-06-09,3105,3390,3085,3220,554342,7.333333333333333
2025-06-10,3295,3425,3155,3200,457349,-0.6211180124223602
2025-06-11,3170,3195,3060,3140,159857,-1.875
2025-06-12,3215,3280,3140,3210,168999,2.229299363057325
2025-06-13,3210,3225,3035,3060,228141,-4.672897196261682
2025-06-16,3035,3140,2990,3120,229054,1.9607843137254901
2025-06-17,3180,3285,3080,3160,115218,1.282051282051282
2025-06-18,3140,3170,3090,3130,62234,-0.949367088607595
2025-06-19,3145,3335,3145,3240,125987,3.5143769968051117
2025-06-20,3280,3280,3150,3195,80290,-1.3888888888888888
2025-06-23,3150,3290,3120,3255,117782,1.8779342723004695
2025-06-24,3335,3335,3235,3275,103873,0.6144393241167435
2025-06-25,3300,3470,3210,3410,98516,4.122137404580153
2025-06-26,3410,3435,3295,3365,103749,-1.3196480938416422
2025-06-27,3385,3385,3265,3360,46880,-0.1485884101040119
2025-06-30,3365,3700,3365,3690,507789,9.821428571428571
2025-07-01,3665,3930,3525,3820,674209,3.523035230352303
2025-07-02,3870,3897,3705,3880,349748,1.5706806282722512
2025-07-03,3900,3900,3600,3820,178116,-1.5463917525773196
2025-07-04,3820,3855,3710,3735,161932,-2.225130890052356
2025-07-07,3700,3760,3650,3690,166321,-1.2048192771084338
2025-07-08,3690,3770,3650,3755,89937,1.7615176151761516
2025-07-09,3770,4210,3770,4180,838465,11.318242343541945
2025-07-10,4300,4370,4115,4300,433676,2.8708133971291865
2025-07-11,4300,4405,4260,4305,220542,0.11627906976744186
2025-07-14,4345,4620,4320,4415,308687,2.5551684088269457
2025-07-15,4470,4470,4285,4330,148630,-1.9252548131370328
2025-07-16,4330,4460,4155,4360,592903,0.6928406466512702
2025-07-17,4360,4440,4065,4080,259402,-6.422018348623854
2025-07-18,4090,4090,3905,3960,216974,-2.941176470588235
2025-07-21,3950,3950,3725,3780,232908,-4.545454545454546
2025-07-22,3860,3875,3550,3650,274786,-3.439153439153439
2025-07-23,3590,3670,3490,3590,281979,-1.643835616438356
2025-07-24,3565,3630,3470,3525,247513,-1.8105849582172702
2025-07-25,3510,3545,3410,3440,75311,-2.4113475177304964
2025-07-28,3500,3500,3300,3340,149962,-2.9069767441860463
2025-07-29,3345,3440,3250,3380,65904,1.1976047904191618
2025-07-30,3380,3385,3270,3310,130604,-2.0710059171597637
2025-07-31,3310,3405,3280,3405,72487,2.8700906344410875
2025-08-01,3405,3405,3230,3325,109692,-2.3494860499265786
2025-08-04,3340,3460,3290,3435,87056,3.308270676691729
2025-08-05,3440,3870,3440,3700,444468,7.714701601164483
2025-08-06,3680,3815,3620,3770,131615,1.891891891891892
2025-08-07,3770,3850,3715,3780,128162,0.2652519893899204
2025-08-08,3780,3780,3675,3735,100136,-1.1904761904761905
2025-08-11,3730,3735,3615,3670,84461,-1.7402945113788488
2025-08-12,3670,3690,3585,3635,61514,-0.9536784741144414
2025-08-13,3630,3640,3365,3635,78790,0.0
2025-08-14,3630,3635,3500,3500,97383,-3.7138927097661623
2025-08-18,3475,3550,3405,3515,52578,0.4285714285714286
2025-08-19,3500,3645,3470,3615,119725,2.844950213371266
2025-08-20,3805,3815,3450,3550,313994,-1.7980636237897647
2025-08-21,3515,3525,3420,3480,179000,-1.971830985915493
2025-08-22,3445,3450,3320,3380,184896,-2.8735632183908044
2025-08-25,3380,3385,3330,3350,27632,-0.8875739644970414
2025-08-26,3435,3440,3300,3315,56972,-1.0447761194029852
2025-08-27,3315,3345,3125,3170,163001,-4.374057315233785
2025-08-28,3190,3280,3150,3240,61142,2.2082018927444795
2025-08-29,3240,3245,3180,3210,32300,-0.9259259259259258
2025-09-01,3210,3240,3110,3130,35487,-2.4922118380062304
2025-09-02,3150,3150,3085,3145,47955,0.4792332268370607
2025-09-03,3150,3155,2940,2965,137639,-5.723370429252783
2025-09-04,2965,3030,2945,2985,59823,0.6745362563237773
2025-09-05,3010,3030,2945,2975,60651,-0.33500837520938026
2025-09-08,2950,3090,2945,3025,71682,1.680672268907563
2025-09-09,3025,3050,2990,3015,55358,-0.3305785123966942
2025-09-10,3050,3065,2992,3010,163040,-0.16583747927031509
2025-09-11,3025,3030,2970,3005,62579,-0.16611295681063123
2025-09-12,3005,3150,3005,3030,136200,0.8319467554076538
2025-09-15,3030,3240,3030,3145,162826,3.7953795379537953
2025-09-16,3145,3175,3025,3060,113976,-2.7027027027027026
2025-09-17,3060,3075,2980,3000,56694,-1.9607843137254901
2025-09-18,3000,3010,2920,2945,143080,-1.8333333333333333
2025-09-19,2970,2970,2790,2815,176062,-4.4142614601018675
2025-09-22,2815,2895,2815,2885,46034,2.4866785079928952
2025-09-23,2890,2915,2850,2865,23265,-0.6932409012131715
2025-09-24,2895,2905,2715,2780,95972,-2.966841186736475
2025-09-25,2760,2810,2705,2785,32643,0.1798561151079137
2025-09-26,2790,2790,2700,2785,38168,0.0
2025-09-29,2785,2900,2760,2895,72879,3.949730700179533
2025-09-30,2900,3140,2835,2925,169875,1.0362694300518136
2025-10-01,2925,3020,2875,2915,38989,-0.3418803418803419
2025-10-02,2900,2975,2900,2930,23924,0.5145797598627788
2025-10-10,2955,2955,2815,2840,35440,-3.0716723549488054
2025-10-13,2840,2845,2770,2815,25240,-0.8802816901408451
2025-10-14,2820,2840,2750,2800,43754,-0.5328596802841918
2025-10-15,2805,2845,2615,2800,123329,0.0
2025-10-16,2800,2850,2750,2795,47623,-0.17857142857142858
2025-10-17,2805,2805,2710,2750,65663,-1.6100178890876566
2025-10-20,2730,2785,2675,2745,50188,-0.18181818181818182
2025-10-21,2750,2785,2680,2730,122276,-0.546448087431694
2025-10-22,2755,2755,2675,2720,27751,-0.3663003663003663
2025-10-23,2740,2760,2670,2720,41367,0.0
2025-10-24,2730,2730,2660,2710,31309,-0.3676470588235294
2025-10-27,2710,2720,2660,2705,58753,-0.18450184501845018
2025-10-28,2705,2715,2670,2700,23544,-0.18484288354898337
2025-10-29,2675,2695,2630,2675,65475,-0.9259259259259258
2025-10-30,2665,2665,2600,2650,107433,-0.9345794392523363
2025-10-31,2625,2630,2550,2575,82829,-2.8301886792452833
2025-11-03,2575,2600,2540,2545,74045,-1.1650485436893203
2025-11-04,2560,2620,2510,2615,49095,2.75049115913556
2025-11-05,2615,2615,2460,2585,63934,-1.147227533460803
2025-11-06,2555,2640,2520,2600,32906,0.5802707930367506
2025-11-07,2575,2615,2510,2595,42786,-0.19230769230769232
2025-11-10,2595,2655,2580,2655,45669,2.312138728323699
2025-11-11,2655,2690,2610,2630,26793,-0.9416195856873822
